Age,Roux limb,Treitz,Ideal weight,Height,Weight,BMI,Fat percentage,Fat mass,Fat free mass percentage,Fat free mass,Waist circumference,Hip circumference,WHtR,Neck circumference,RQ,REE (r),REE (t),REE (t%),Basal glycemia,30' glycemia,60' glycemia,90' glycemia,120' glycemia,Basal insulin,HOMA,30' insulin,60' insulin,90' insulin,120' insulin,Triglycerides,Cholesterol,HDL,LDL,Uric acid,CRP,Creatinine,Homocysteine,Leptin,TSH,Fibrinogen,Total bilirubin,Direct bilirubin,Indirect bilirubin,AST,ALT,AST/ALT ratio,AP,GGT,Erythrocytes,Haemoglobin,Haematocrit,Leucocytes,Neutrophils,Lymphocytes,Monocytes,Eosinophils,Basophils
45.14035088,148.6149584,43.76068376,64.98947368,165.1508772,115.8135338,43.11909548,51.16838046,59.64575835,48.8193299,57.02622108,122.3333333,129.8167939,1.287762755,40.48376623,1.873886364,1978.125172,107.0269231,109.6359447,100.753012,160.3795181,183.6036036,169.2861446,147.036036,4.662830081,0.787927461,76.89183801,110.3672468,118.6032166,106.3994654,133.8720627,196.6458333,47.66968912,122.4485488,5.698146214,1.142368421,0.787927461,8.957152104,54.48504644,2.195042208,7.586407767,0.607815789,0.18928382,0.42061008,17.35492228,24.97927461,1.43165007,91.70466321,27.74418605,4.810025316,13.87620253,42.35012658,7.54678481,59.14050633,6.622531646,2.673164557,0.632233503,366.714653
12.2308347,36.49419586,24.68171625,6.089276304,9.216540352,23.82196565,8.467524994,6.146883604,14.63732391,6.095943715,12.35778195,14.9570246,13.63638676,5.468790696,4.529641367,10.19418327,421.6264411,12.20526052,39.13250517,18.01356882,34.02541172,47.66447983,55.72048868,52.44456533,3.776324584,0.15621615,47.76885204,65.74341617,67.35122874,62.88212776,101.4154115,36.86457587,12.89299975,34.43096254,1.365852038,2.102772301,0.15621615,4.558512621,30.02518706,3.511031201,8.933952077,0.276571008,0.08016782,0.218575901,8.766876215,15.13933847,0.459822015,38.89641026,30.90482106,0.441614768,1.397492591,3.893528241,2.113028246,8.245458972,1.873532907,1.484074122,0.530688339,79.57372459
